Cardiff University,UK Russell Group
Durham University,UK Russell Group
King's College London,UK Russell Group
Newcastle University,UK Russell Group
The University of Edinburgh,UK Russell Group
The University of Glasgow,UK Russell Group
The University of Manchester,UK Russell Group
The University of Nottingham,UK Russell Group
The University of Sheffield,UK Russell Group
The University of Warwick,UK Russell Group
Trinity College Dublin,UK Russell Group
UCL (University College London),UK Russell Group
University of Bath,UK Russell Group
University of Birmingham,UK Russell Group
University of Bristol,UK Russell Group
University of Cambridge,UK Russell Group
University of Exeter,UK Russell Group
University of Leeds,UK Russell Group
University of Liverpool,UK Russell Group
University of Oxford,UK Russell Group
University of Southampton,UK Russell Group
University of York,UK Russell Group
10xU,"Industry, Gov & NGO"
Abertay University,Other UK
ABRSM,Other UK
ACTAsia,International
Advertising Week,"Industry, Gov & NGO"
Aga Khan Trust for Culture,"Industry, Gov & NGO"
AllBright,"Industry, Gov & NGO"
Amnesty International UK,"Industry, Gov & NGO"
Anglia Ruskin University,Other UK
Association for Continence Advice,Healthcare
ATC Training,"Industry, Gov & NGO"
Auckland University of Technology (AUT),US & Australia
Babcock Education,Other UK
BBC Good Food,Arts & Fashion Institute
BGI,"Industry, Gov & NGO"
British Council,Language Institute
British Heart Foundation,Healthcare
BSAC,Healthcare
Cambridge Assessment English,Language Institute
Cancer Research UK,Healthcare
Cenex,"Industry, Gov & NGO"
Central Queensland University,US & Australia
Centre Pompidou,International
Chartered College of Teaching,Other UK
Chartered Institute of Building Academy,"Industry, Gov & NGO"
Chartered Insurance Institute,"Industry, Gov & NGO"
Chasing Time English,Language Institute
CIPD - Chartered Institute of Personnel and Development,"Industry, Gov & NGO"
City & Guilds Group,"Industry, Gov & NGO"
ClickSlice,"Industry, Gov & NGO"
"CloudSwyft Global Systems, Inc.","Industry, Gov & NGO"
Colorado State University,US & Australia
Complutense University of Madrid,International
Coventry University,Other UK
"Darden School of Business, University of Virginia",US & Australia
Davidson Institute of Science Education at the Weizmann Institute of Science,International
Deakin University,US & Australia
Digital Marketing Institute,"Industry, Gov & NGO"
Dublin City University,Other UK
Edinburgh Napier University,Other UK
EduMaxi,"Industry, Gov & NGO"
EFQM,"Industry, Gov & NGO"
Eindhoven University of Technology,International
EIT,"Industry, Gov & NGO"
EIT Climate-KIC,"Industry, Gov & NGO"
EIT Food,"Industry, Gov & NGO"
EIT InnoEnergy,"Industry, Gov & NGO"
EIT Manufacturing,"Industry, Gov & NGO"
EIT RawMaterials,"Industry, Gov & NGO"
EIT Urban Mobility,"Industry, Gov & NGO"
EUMETSAT,"Industry, Gov & NGO"
European University Institute (EUI),International
Except Integrated Sustainability,"Industry, Gov & NGO"
Fashion Revolution,Arts & Fashion Institute
Film Distributors' Association,Arts & Fashion Institute
Filtered,Other UK
"Foreign, Commonwealth & Development Office","Industry, Gov & NGO"
Foundation for Innovative New Diagnostics,Healthcare
Foundation for Rare Diseases,Healthcare
Founders4Schools,Independent Education
FutureLearn,OU & FutureLearn
FutureLearn Staff,OU & FutureLearn
Gardeners' World,Arts & Fashion Institute
Girls' Day School Trust,Independent Education
"Goldsmiths, University of London",Arts & Fashion Institute
Government Digital Service,"Industry, Gov & NGO"
Graduate Coach,Independent Education
Grenoble Ecole de Management,International
Griffith University,US & Australia
Hanken School of Economics,International
Hanyang University,International
Health Education England,Healthcare
HKU School of Professional and Continuing Education,International
Humanists UK,"Industry, Gov & NGO"
Hustle Crew,"Industry, Gov & NGO"
Institut Français de la Mode (IFM),Arts & Fashion Institute
International Confederation of Societies of Authors and Composers (CISAC),Arts & Fashion Institute
International Council of Museums,Arts & Fashion Institute
International Culinary Studio,Arts & Fashion Institute
International Federation of Red Cross and Red Crescent Societies (IFRC),Healthcare
Into Film,Arts & Fashion Institute
ISAE-SUPAERO,International
Jindal Centre for Social Innovation + Entrepreneurship,"Industry, Gov & NGO"
Johns Hopkins University,US & Australia
Keio University,International
Labdox,"Industry, Gov & NGO"
Lancaster University,Other UK
Languages International,Language Institute
Lean 6 Services,"Industry, Gov & NGO"
Leiden University,International
London College of Fashion,Arts & Fashion Institute
London School of Hygiene & Tropical Medicine,Healthcare
Luleå University of Technology,International
Macmillan Education,Independent Education
Manchester Grammar School,Other UK
Manchester Metropolitan University,Other UK
Maudsley Learning,Healthcare
Mental Health Foundation,Healthcare
Middlesex University Business School,Other UK
Minca Ventures,"Industry, Gov & NGO"
Miranda Kaufmann,Arts & Fashion Institute
Monash University,US & Australia
Murdoch University,US & Australia
Nankai University,International
Nanyang Technological University,International
National Chiao Tung University,International
National Film and Television School,Arts & Fashion Institute
National Oceanography Centre,Other UK
National STEM Learning Centre,Independent Education
National Tsing Hua University (NTHU),International
Nelson Marlborough Institute of Technology (NMIT),US & Australia
New York Institute of Finance,US & Australia
NHS Employers,Healthcare
NHS Leadership Academy,Healthcare
Norwegian University of Science and Technology (NTNU),International
Partnership for Advanced Computing in Europe (PRACE),International
Personalised Care Group at NHS England and NHS Improvement,Healthcare
Pompeu Fabra University Barcelona,International
PSHE Association,Healthcare
Public Health England,Healthcare
Purdue University,US & Australia
Queensland University of Technology,US & Australia
Raspberry Pi Foundation,Independent Education
RMIT University,US & Australia
"Royal Holloway, University of London",Other UK
Royal Observatory Greenwich,Other UK
Samsung,"Industry, Gov & NGO"
Shanghai International Studies University (SISU),International
SOAS University of London,Other UK
Social Finance,"Industry, Gov & NGO"
Social Media College,Arts & Fashion Institute
"St George's, University of London",Healthcare
Stockholm University,International
Sungkyunkwan University (SKKU),International
Swedish University of Agricultural Sciences (SLU),International
Swiss Education Group,Independent Education
Taipei Medical University,Healthcare
The Black Curriculum,Arts & Fashion Institute
The British Film Institute (BFI),Arts & Fashion Institute
The Data Lab,"Industry, Gov & NGO"
The EntrepreneurNOW! Network (ENN),"Industry, Gov & NGO"
The Excel Club,"Industry, Gov & NGO"
The Global Travel and Tourism Partnership (GTTP),"Industry, Gov & NGO"
The Graduate Institute of International and Development Studies,Independent Education
The Hopenclass,"Industry, Gov & NGO"
The Institute for Drone Technology,"Industry, Gov & NGO"
The International English Language Testing System (IELTS),Language Institute
The International Platform on Sport and Development,Independent Education
The King's Fund,"Industry, Gov & NGO"
The LEGO Foundation,"Industry, Gov & NGO"
The Mind Lab,US & Australia
The Open University,OU & FutureLearn
The Tavistock and Portman NHS Foundation Trust,Healthcare
The University of Auckland,US & Australia
The University of Kent,Other UK
The University of Law,Other UK
The University of Melbourne,US & Australia
The University of Newcastle Australia,US & Australia
The University of Waikato,US & Australia
Tommy Hilfiger,Arts & Fashion Institute
Trinity Laban Conservatoire of Music and Dance,Arts & Fashion Institute
UAL Creative Computing Institute,Independent Education
Ubiquity University,Independent Education
UCL Consultants,UK Russell Group
UEA (University of East Anglia),Other UK
UK Parliament,"Industry, Gov & NGO"
UNESCO,"Industry, Gov & NGO"
UNESCO UNITWIN Complex Systems Digital Campus,"Industry, Gov & NGO"
Universidad de Palermo,International
Universidad Nacional de Córdoba,International
Università della Svizzera Italiana (USI),International
Università per Stranieri di Siena (UniStraSi),International
Universiti Malaya,International
University of Aberdeen,Other UK
University of Basel,International
University of Bergen,International
University of Canterbury,Other UK
University of Cape Town,International
University of Central Lancashire,Other UK
University of Colorado,US & Australia
University of Connecticut,US & Australia
University of Derby,Other UK
University of Dundee,Other UK
University of Groningen,International
University of Hull,Other UK
University of Leicester,Other UK
University of Michigan,US & Australia
University of Oslo,International
University of Otago,International
University of Padova,International
University of Reading,Other UK
University of Roehampton,Other UK
University of Strathclyde,Other UK
University of Surrey,Other UK
University of Twente,International
University of Wollongong,US & Australia
UNSW Sydney,US & Australia
VR Voom,"Industry, Gov & NGO"
Vrije Universiteit Amsterdam,International
What Works Centre for Wellbeing,Healthcare
Wintec,"Industry, Gov & NGO"
Yad Vashem,International
YouSTUDY International College,Independent Education